<ArrayList xmlns=""><item><id/><race>TAUREN</race><level>57</level><strength>77</strength><armour>71</armour></item><item><id/><race>TROLL</race><level>11</level><strength>47</strength><armour>13</armour></item><item><id/><race>TROLL</race><level>61</level><strength>17</strength><armour>13</armour></item><item><id/><race>TROLL</race><level>53</level><strength>39</strength><armour>85</armour></item><item><id/><race>GOBLIN</race><level>5</level><strength>67</strength><armour>15</armour></item><item><id/><race>TAUREN</race><level>71</level><strength>88</strength><armour>57</armour></item><item><id/><race>ORC</race><level>78</level><strength>31</strength><armour>46</armour></item><item><id/><race>ORC</race><level>47</level><strength>97</strength><armour>20</armour></item><item><id/><race>UNDEAD</race><level>83</level><strength>67</strength><armour>90</armour></item><item><id/><race>GOBLIN</race><level>45</level><strength>25</strength><armour>68</armour></item><item><id/><race>PANDAREN</race><level>11</level><strength>31</strength><armour>77</armour></item><item><id/><race>GOBLIN</race><level>63</level><strength>55</strength><armour>97</armour></item><item><id/><race>TROLL</race><level>12</level><strength>5</strength><armour>25</armour></item><item><id/><race>ORC</race><level>49</level><strength>73</strength><armour>56</armour></item><item><id/><race>UNDEAD</race><level>8</level><strength>61</strength><armour>68</armour></item><item><id/><race>PANDAREN</race><level>29</level><strength>11</strength><armour>15</armour></item><item><id/><race>GOBLIN</race><level>82</level><strength>58</strength><armour>44</armour></item><item><id/><race>TAUREN</race><level>75</level><strength>22</strength><armour>89</armour></item><item><id/><race>ORC</race><level>72</level><strength>67</strength><armour>22</armour></item><item><id/><race>TROLL</race><level>1</level><strength>10</strength><armour>12</armour></item><item><id/><race>GOBLIN</race><level>68</level><strength>46</strength><armour>48</armour></item><item><id/><race>ORC</race><level>54</level><strength>13</strength><armour>8</armour></item><item><id/><race>PANDAREN</race><level>19</level><strength>72</strength><armour>57</armour></item><item><id/><race>ORC</race><level>84</level><strength>51</strength><armour>22</armour></item><item><id/><race>BLOODELF</race><level>27</level><strength>30</strength><armour>25</armour></item><item><id/><race>ORC</race><level>78</level><strength>8</strength><armour>20</armour></item><item><id/><race>TAUREN</race><level>65</level><strength>21</strength><armour>84</armour></item><item><id/><race>TAUREN</race><level>77</level><strength>47</strength><armour>78</armour></item><item><id/><race>BLOODELF</race><level>10</level><strength>11</strength><armour>65</armour></item><item><id/><race>UNDEAD</race><level>41</level><strength>38</strength><armour>24</armour></item><item><id/><race>GOBLIN</race><level>40</level><strength>7</strength><armour>32</armour></item><item><id/><race>GOBLIN</race><level>18</level><strength>15</strength><armour>15</armour></item><item><id/><race>GOBLIN</race><level>14</level><strength>52</strength><armour>11</armour></item><item><id/><race>UNDEAD</race><level>5</level><strength>92</strength><armour>10</armour></item><item><id/><race>TAUREN</race><level>5</level><strength>65</strength><armour>46</armour></item><item><id/><race>BLOODELF</race><level>73</level><strength>3</strength><armour>43</armour></item><item><id/><race>BLOODELF</race><level>5</level><strength>42</strength><armour>20</armour></item><item><id/><race>PANDAREN</race><level>19</level><strength>2</strength><armour>28</armour></item><item><id/><race>GOBLIN</race><level>81</level><strength>26</strength><armour>99</armour></item><item><id/><race>TROLL</race><level>5</level><strength>16</strength><armour>90</armour></item><item><id/><race>BLOODELF</race><level>67</level><strength>83</strength><armour>59</armour></item><item><id/><race>PANDAREN</race><level>5</level><strength>46</strength><armour>65</armour></item><item><id/><race>GOBLIN</race><level>40</level><strength>20</strength><armour>33</armour></item><item><id/><race>ORC</race><level>21</level><strength>38</strength><armour>11</armour></item><item><id/><race>TAUREN</race><level>72</level><strength>45</strength><armour>60</armour></item><item><id/><race>ORC</race><level>22</level><strength>79</strength><armour>24</armour></item><item><id/><race>BLOODELF</race><level>4</level><strength>21</strength><armour>91</armour></item><item><id/><race>UNDEAD</race><level>81</level><strength>13</strength><armour>81</armour></item><item><id/><race>GOBLIN</race><level>51</level><strength>19</strength><armour>20</armour></item><item><id/><race>PANDAREN</race><level>16</level><strength>65</strength><armour>91</armour></item><item><id/><race>ORC</race><level>22</level><strength>9</strength><armour>93</armour></item><item><id/><race>TAUREN</race><level>77</level><strength>7</strength><armour>98</armour></item><item><id/><race>TAUREN</race><level>36</level><strength>27</strength><armour>2</armour></item><item><id/><race>TAUREN</race><level>28</level><strength>59</strength><armour>72</armour></item><item><id/><race>PANDAREN</race><level>30</level><strength>85</strength><armour>87</armour></item><item><id/><race>TROLL</race><level>35</level><strength>80</strength><armour>33</armour></item><item><id/><race>BLOODELF</race><level>42</level><strength>76</strength><armour>44</armour></item><item><id/><race>TROLL</race><level>37</level><strength>7</strength><armour>47</armour></item><item><id/><race>GOBLIN</race><level>4</level><strength>81</strength><armour>57</armour></item><item><id/><race>ORC</race><level>5</level><strength>4</strength><armour>85</armour></item><item><id/><race>GOBLIN</race><level>17</level><strength>57</strength><armour>10</armour></item><item><id/><race>ORC</race><level>38</level><strength>10</strength><armour>73</armour></item><item><id/><race>TROLL</race><level>76</level><strength>33</strength><armour>93</armour></item><item><id/><race>GOBLIN</race><level>28</level><strength>19</strength><armour>39</armour></item><item><id/><race>GOBLIN</race><level>42</level><strength>43</strength><armour>60</armour></item><item><id/><race>BLOODELF</race><level>21</level><strength>46</strength><armour>73</armour></item><item><id/><race>PANDAREN</race><level>28</level><strength>26</strength><armour>70</armour></item><item><id/><race>BLOODELF</race><level>25</level><strength>43</strength><armour>47</armour></item><item><id/><race>GOBLIN</race><level>80</level><strength>86</strength><armour>55</armour></item><item><id/><race>GOBLIN</race><level>64</level><strength>6</strength><armour>98</armour></item><item><id/><race>GOBLIN</race><level>71</level><strength>13</strength><armour>22</armour></item><item><id/><race>UNDEAD</race><level>36</level><strength>75</strength><armour>42</armour></item><item><id/><race>ORC</race><level>24</level><strength>7</strength><armour>44</armour></item><item><id/><race>GOBLIN</race><level>76</level><strength>59</strength><armour>93</armour></item><item><id/><race>UNDEAD</race><level>26</level><strength>62</strength><armour>4</armour></item><item><id/><race>ORC</race><level>45</level><strength>9</strength><armour>39</armour></item><item><id/><race>ORC</race><level>34</level><strength>10</strength><armour>26</armour></item><item><id/><race>BLOODELF</race><level>77</level><strength>65</strength><armour>50</armour></item><item><id/><race>TAUREN</race><level>78</level><strength>78</strength><armour>25</armour></item><item><id/><race>GOBLIN</race><level>59</level><strength>92</strength><armour>58</armour></item><item><id/><race>TAUREN</race><level>36</level><strength>84</strength><armour>7</armour></item><item><id/><race>PANDAREN</race><level>62</level><strength>85</strength><armour>28</armour></item><item><id/><race>TROLL</race><level>76</level><strength>88</strength><armour>62</armour></item><item><id/><race>TAUREN</race><level>29</level><strength>66</strength><armour>51</armour></item><item><id/><race>GOBLIN</race><level>55</level><strength>73</strength><armour>74</armour></item><item><id/><race>PANDAREN</race><level>13</level><strength>40</strength><armour>23</armour></item><item><id/><race>BLOODELF</race><level>41</level><strength>94</strength><armour>3</armour></item><item><id/><race>UNDEAD</race><level>10</level><strength>50</strength><armour>3</armour></item><item><id/><race>TROLL</race><level>5</level><strength>62</strength><armour>74</armour></item><item><id/><race>ORC</race><level>15</level><strength>10</strength><armour>92</armour></item><item><id/><race>ORC</race><level>13</level><strength>41</strength><armour>33</armour></item><item><id/><race>ORC</race><level>82</level><strength>65</strength><armour>91</armour></item><item><id/><race>ORC</race><level>4</level><strength>36</strength><armour>57</armour></item><item><id/><race>GOBLIN</race><level>52</level><strength>43</strength><armour>64</armour></item><item><id/><race>UNDEAD</race><level>17</level><strength>68</strength><armour>8</armour></item><item><id/><race>BLOODELF</race><level>27</level><strength>68</strength><armour>57</armour></item><item><id/><race>PANDAREN</race><level>75</level><strength>70</strength><armour>33</armour></item><item><id/><race>UNDEAD</race><level>51</level><strength>24</strength><armour>55</armour></item><item><id/><race>BLOODELF</race><level>26</level><strength>55</strength><armour>48</armour></item><item><id/><race>GOBLIN</race><level>6</level><strength>7</strength><armour>29</armour></item></ArrayList>