<ArrayList xmlns=""><item><id>93</id><race>ORC</race><level>4</level><strength>36</strength><armour>57</armour></item><item><id>60</id><race>ORC</race><level>5</level><strength>4</strength><armour>85</armour></item><item><id>91</id><race>ORC</race><level>13</level><strength>41</strength><armour>33</armour></item><item><id>90</id><race>ORC</race><level>15</level><strength>10</strength><armour>92</armour></item><item><id>44</id><race>ORC</race><level>21</level><strength>38</strength><armour>11</armour></item><item><id>46</id><race>ORC</race><level>22</level><strength>79</strength><armour>24</armour></item><item><id>51</id><race>ORC</race><level>22</level><strength>9</strength><armour>93</armour></item><item><id>73</id><race>ORC</race><level>24</level><strength>7</strength><armour>44</armour></item><item><id>77</id><race>ORC</race><level>34</level><strength>10</strength><armour>26</armour></item><item><id>62</id><race>ORC</race><level>38</level><strength>10</strength><armour>73</armour></item><item><id>76</id><race>ORC</race><level>45</level><strength>9</strength><armour>39</armour></item><item><id>8</id><race>ORC</race><level>47</level><strength>97</strength><armour>20</armour></item><item><id>14</id><race>ORC</race><level>49</level><strength>73</strength><armour>56</armour></item><item><id>22</id><race>ORC</race><level>54</level><strength>13</strength><armour>8</armour></item><item><id>19</id><race>ORC</race><level>72</level><strength>67</strength><armour>22</armour></item><item><id>7</id><race>ORC</race><level>78</level><strength>31</strength><armour>46</armour></item><item><id>26</id><race>ORC</race><level>78</level><strength>8</strength><armour>20</armour></item><item><id>92</id><race>ORC</race><level>82</level><strength>65</strength><armour>91</armour></item><item><id>24</id><race>ORC</race><level>84</level><strength>51</strength><armour>22</armour></item></ArrayList>